{"min": [-0.85015, -0.336879, -0.484565], "max": [0.611464, 0.29653, 0.572763]}